Id,Label,timeset
meli__si,meli__si,
jaka_ivancic,jaka_ivancic,
rehaklubomir,rehaklubomir,
tadejrupel,tadejrupel,
sloinuk,sloinuk,
serlah2017,serlah2017,
strankasds,strankasds,
caplcapinski,caplcapinski,
lavrij,lavrij,
revijareporter,revijareporter,
iacomenius,iacomenius,
demokracija1,demokracija1,
jozebiscak,jozebiscak,
vanegosnik,vanegosnik,
mgregoric,mgregoric,
kjukar,kjukar,
laurakriznik,laurakriznik,
24ur_com,24ur_com,
rtv_slovenija,rtv_slovenija,
sumandreja,sumandreja,
annianni246,annianni246,
tomazambrozic,tomazambrozic,
futsalsi,futsalsi,
strikki,strikki,
gasper_oswald,gasper_oswald,
igorgobec,igorgobec,
majsanom,majsanom,
carin2013,carin2013,
jelka_godec,jelka_godec,
fatoldsun1,fatoldsun1,
sloinger,sloinger,
multikultivator,multikultivator,
marinijafiredon,marinijafiredon,
sambaljig,sambaljig,
rgapari,rgapari,
medeja_7,medeja_7,
jureferjan,jureferjan,
nova24tv,nova24tv,
turboeco,turboeco,
urosesih,urosesih,
sdstrzic,sdstrzic,
dejankolsek1,dejankolsek1,
sylviav74759384,sylviav74759384,
libbera16,libbera16,
umijosek,umijosek,
istvantanko,istvantanko,
delo,delo,
jolandabuh,jolandabuh,
abratusek,abratusek,
sloveniana,sloveniana,
hvitranc,hvitranc,
vladars,vladars,
brandonturb,brandonturb,
syrianasoldier,syrianasoldier,
hsuan_0209,hsuan_0209,
reveluv1023,reveluv1023,
gogorgo31,gogorgo31,
gape88,gape88,
youtube,youtube,
cluneyministry,cluneyministry,
tbn,tbn,
toddwhitelc,toddwhitelc,
uncutstones,uncutstones,
hirene7up,hirene7up,
athietesforgod,athietesforgod,
slovened,slovened,
rozancgasper,rozancgasper,
slovenskipanter,slovenskipanter,
anjaintihar,anjaintihar,
ferdinandpusnik,ferdinandpusnik,
freewiseguy,freewiseguy,
biserislovenije,biserislovenije,
termie1,termie1,
felicity_aston,felicity_aston,
dc43,dc43,
tedniktvs,tedniktvs,
northpole2018,northpole2018,
bredakolar,bredakolar,
akrevs,akrevs,
svobodomiselni,svobodomiselni,
stanejagergmaio,stanejagergmaio,
novicmarjana,novicmarjana,
symru,symru,
bizjakju,bizjakju,
neurovirtu,neurovirtu,
eurovisionespan,eurovisionespan,
naforue,naforue,
zigab,zigab,
mirocerar,mirocerar,
podimconference,podimconference,
tadejslapnik,tadejslapnik,
ekipa24,ekipa24,
nkolimpija,nkolimpija,
zelenilka,zelenilka,
prahneza,prahneza,
bilgladen,bilgladen,
ajpes,ajpes,
rokzidanik,rokzidanik,
franc_bogovic,franc_bogovic,
lojzepeterle,lojzepeterle,
ep_slovenija,ep_slovenija,
tfajon,tfajon,
javniprevoz,javniprevoz,
svet24_si,svet24_si,
u2urbas,u2urbas,
aylayeahh,aylayeahh,
bts_twt,bts_twt,
fiplv,fiplv,
tjagland,tjagland,
coe,coe,
miro52,miro52,
ag_anton,ag_anton,
lidlslo,lidlslo,
skoj_konferenca,skoj_konferenca,
itavcarsds,itavcarsds,
jjansasds,jjansasds,
matjadraksler,matjadraksler,
mgermovsek,mgermovsek,
tvslv,tvslv,
solidarnost_si,solidarnost_si,
strankalevica,strankalevica,
vinkovasle1,vinkovasle1,
vehar_a,vehar_a,
slovenskavojska,slovenskavojska,
uporabnastran,uporabnastran,
zidandejan,zidandejan,
elvi_daris,elvi_daris,
markobandelli,markobandelli,
sun_contract,sun_contract,
unido,unido,
xxx24241454,xxx24241454,
jangrilc,jangrilc,
val202,val202,
franctursic,franctursic,
propiar,propiar,
zdrmanager,zdrmanager,
bojanastr,bojanastr,
jozeleskovec,jozeleskovec,
peterdax_marsky,peterdax_marsky,
bojannavodnik1,bojannavodnik1,
jansobieski19,jansobieski19,
mitjahumar,mitjahumar,
sandi_markisic,sandi_markisic,
strankaab,strankaab,
primorskid,primorskid,
primorskenovice,primorskenovice,
svet_kanala,svet_kanala,
rtvslo,rtvslo,
berry20275000,berry20275000,
pertinacal,pertinacal,
ijoveva,ijoveva,
gospodjob,gospodjob,
vmro_dpmne,vmro_dpmne,
mickoskihm,mickoskihm,
edendenmkd,edendenmkd,
realcryptoyoda,realcryptoyoda,
editbystudio,editbystudio,
dragopirec,dragopirec,
mojcav1,mojcav1,
barbarajavornik,barbarajavornik,
pandicamuss,pandicamuss,
sloposum,sloposum,
bizjakselma,bizjakselma,
nimivseeno,nimivseeno,
andrejcus,andrejcus,
dr_olaj,dr_olaj,
soniatrulli80,soniatrulli80,
evairgll,evairgll,
jkmcnk,jkmcnk,
pengovsky,pengovsky,
ljkucic,ljkucic,
podcrto,podcrto,
mmtvit,mmtvit,
sinicica,sinicica,
jozespiljak,jozespiljak,
martinavuk,martinavuk,
dialogos_si,dialogos_si,
vrtowc,vrtowc,
novistarimost,novistarimost,
martastimec,martastimec,
bigjoc2011,bigjoc2011,
isoltesep,isoltesep,
janko35349864,janko35349864,
m_bostjan,m_bostjan,
1535priman,1535priman,
zvonecadez,zvonecadez,
jozesket68,jozesket68,
rosvitap,rosvitap,
janezkunc,janezkunc,
zdruzenadesnica,zdruzenadesnica,
metkazevnik,metkazevnik,
drvinkogorenak,drvinkogorenak,
markolisec,markolisec,
cashkee,cashkee,
simon_skrba,simon_skrba,
mprtenja,mprtenja,
lculiberg,lculiberg,
zaslovenijo2,zaslovenijo2,
modickristina,modickristina,
dlenarcic,dlenarcic,
lijenihinko,lijenihinko,
vtarczay,vtarczay,
zagovornik,zagovornik,
portalspolsi,portalspolsi,
katarina1402,katarina1402,
vidmarpeter,vidmarpeter,
agencija101,agencija101,
travenklemen,travenklemen,
francidonko,francidonko,
janja1366,janja1366,
ykobaz,ykobaz,
ales_primc,ales_primc,
kunalnishad7,kunalnishad7,
feelgrid,feelgrid,
kristina_iskra,kristina_iskra,
igorprodanovic,igorprodanovic,
mojcaskrinjar,mojcaskrinjar,
anjajankovich,anjajankovich,
jasnamurgel,jasnamurgel,
pablostrukelj,pablostrukelj,
stolnica,stolnica,
samoglavan,samoglavan,
sdmlju,sdmlju,
vontanzberg,vontanzberg,
had,had,
jan_gerben,jan_gerben,
ciro_ciril,ciro_ciril,
strankasloga,strankasloga,
siolnews,siolnews,
vogrinzeljko,vogrinzeljko,
umilos,umilos,
nevaulcar,nevaulcar,
_megwhite_,_megwhite_,
mojcabxl,mojcabxl,
vecer,vecer,
e,e,
ecinslovenia,ecinslovenia,
stakrog,stakrog,
strankanls,strankanls,
kdanijel,kdanijel,
breki74,breki74,
artgotar,artgotar,
posta_slovenije,posta_slovenije,
vanfranco,vanfranco,
pklepec,pklepec,
darinkatrkov,darinkatrkov,
borutjereb,borutjereb,
istefan1975,istefan1975,
lukatreven,lukatreven,
anjakopacmrak,anjakopacmrak,
ribictine,ribictine,
spelapsenica,spelapsenica,
kalisekmoni,kalisekmoni,
zborzarepubliko,zborzarepubliko,
radioognjisce,radioognjisce,
sabinakovacic,sabinakovacic,
nijeno,nijeno,
vladokrstevski,vladokrstevski,
starihalj,starihalj,
policija_si,policija_si,
stoleneurope,stoleneurope,
slocroposlovklb,slocroposlovklb,
turizemlj,turizemlj,
tourism_slo,tourism_slo,
dbbonjovi,dbbonjovi,
dnevnik_si,dnevnik_si,
petersuhel,petersuhel,
irenakafol,irenakafol,
vo,vo,
rmandreja,rmandreja,
delavska_zveza,delavska_zveza,
5ra75226708,5ra75226708,
tjana3573,tjana3573,
zurnal24sport,zurnal24sport,
matmohoric,matmohoric,
mitja_luksina,mitja_luksina,
prinasalkazlata,prinasalkazlata,
borseusek,borseusek,
tadejacerk,tadejacerk,
poptv,poptv,
miha_meho,miha_meho,
vso_slovenija,vso_slovenija,
penzionist12,penzionist12,
pikapoka_jelen,pikapoka_jelen,
tatjanak1,tatjanak1,
igorkrsinar,igorkrsinar,
romanleljak,romanleljak,
matevztomsic,matevztomsic,
fzagorc,fzagorc,
cvetko66,cvetko66,
tslokar,tslokar,
ipirkovic,ipirkovic,
brencenejc,brencenejc,
vpgrz,vpgrz,
branka25153603,branka25153603,
polona_naglic,polona_naglic,
vesterrrr,vesterrrr,
kovacrebeka,kovacrebeka,
aleks81837212,aleks81837212,
tjasaz,tjasaz,
vidlibnik,vidlibnik,
trsinarzdenko,trsinarzdenko,
benjaminnatanja,benjaminnatanja,
alenkavidic,alenkavidic,
a1slovenija,a1slovenija,
alfonskracek,alfonskracek,
kajzermeta,kajzermeta,
crico111,crico111,
vojkoplevel,vojkoplevel,
crtica49,crtica49,
zahrusko,zahrusko,
dolencm33,dolencm33,
milenkoziherl1,milenkoziherl1,
matejhribarr,matejhribarr,
tomazlisec,tomazlisec,
srecniluka,srecniluka,
sgsonjasg,sgsonjasg,
dominikasvarc,dominikasvarc,
urosjausevec,urosjausevec,
tomltoml,tomltoml,
stojanpovh,stojanpovh,
47citizen,47citizen,
cvetastepanjan,cvetastepanjan,
franchimelrajh,franchimelrajh,
dkopse,dkopse,
maxatnes,maxatnes,
karitas,karitas,
lenci53,lenci53,
tvodmevi,tvodmevi,
dolinasmc,dolinasmc,
strankasmc,strankasmc,
igorpribac,igorpribac,
mazzi68,mazzi68,
slovenskivitez,slovenskivitez,
kocuvanlidija,kocuvanlidija,
damjan13864862,damjan13864862,
fr,fr,
jzazlok,jzazlok,
surfon,surfon,
vremenolovec,vremenolovec,
sandravrhovac1,sandravrhovac1,
ladeja68,ladeja68,
provektor,provektor,
tim_felle,tim_felle,
brankogrims1,brankogrims1,
organizacijasdm,organizacijasdm,
vojkozabjek,vojkozabjek,
mladiforum,mladiforum,
vajkard,vajkard,
kanglerfranc,kanglerfranc,
markovombergar,markovombergar,
janez_novak,janez_novak,
qwatebriga,qwatebriga,
milanzver,milanzver,
cirilvelikooko,cirilvelikooko,
ivanblatnik,ivanblatnik,
thezaurus_,thezaurus_,
izak_kosir,izak_kosir,
startupslovenia,startupslovenia,
mhvdmi2,mhvdmi2,
andrazh,andrazh,
janez_mezan,janez_mezan,
igorzavrsnik,igorzavrsnik,
martina15120109,martina15120109,
komar4442,komar4442,
cikibucka,cikibucka,
altpaulin,altpaulin,
karitas46622347,karitas46622347,
katoliskacerkev,katoliskacerkev,
adujmovicanne,adujmovicanne,
orbitatomy,orbitatomy,
birolen1e,birolen1e,
strankasd,strankasd,
yronladi,yronladi,
drustvohudajama,drustvohudajama,
nada568352656,nada568352656,
ziberdaj,ziberdaj,
murimursic,murimursic,
hannatipica,hannatipica,
janimodern,janimodern,
tratnikm,tratnikm,
simon_medved,simon_medved,
metkasmole,metkasmole,
samvprasam,samvprasam,
jozebizjak,jozebizjak,
aleshojs,aleshojs,
bojanpozar,bojanpozar,
sarecmarjan,sarecmarjan,
robert50150963,robert50150963,
marijasoba,marijasoba,
c_mirkic,c_mirkic,
sodnik,sodnik,
pulsar541,pulsar541,
fitzroy1985,fitzroy1985,
mareandi,mareandi,
agortaa,agortaa,
slotooecd,slotooecd,
mzzrs,mzzrs,
markodvornik,markodvornik,
mo_novomesto,mo_novomesto,
furmantanja,furmantanja,
darinkavrabi,darinkavrabi,
branko53948418,branko53948418,
s,s,
jirikocica,jirikocica,
markosket,markosket,
tratar_saso,tratar_saso,
zorandela,zorandela,
spremenimosvet,spremenimosvet,
markopavlisic,markopavlisic,
rokzorko,rokzorko,
lukavalas,lukavalas,
francip59,francip59,
tzdenko,tzdenko,
bojanzadel,bojanzadel,
sds,sds,
andrazand,andrazand,
krtmen,krtmen,
bojansimm,bojansimm,
rtztim,rtztim,
svizec5,svizec5,
gloomygregster,gloomygregster,
francbrezniksds,francbrezniksds,
tatjanapirc,tatjanapirc,
gorecnik,gorecnik,
maceklj,maceklj,
jan_skoberne,jan_skoberne,
jernejstromajer,jernejstromajer,
smarcanzlatko,smarcanzlatko,
mediadompiran,mediadompiran,
matjazderin,matjazderin,
boenasvoabo,boenasvoabo,
trojanc,trojanc,
slo_kosarka,slo_kosarka,
mrcinkobolfov,mrcinkobolfov,
forenik,forenik,
max970,max970,
schelker_maja,schelker_maja,
nejcsloatheist,nejcsloatheist,
exodus_tv,exodus_tv,
marijabrezje,marijabrezje,
danijelalesjak,danijelalesjak,
jelenajal,jelenajal,
jurebrankovic,jurebrankovic,
mhacek,mhacek,
hladnikp,hladnikp,
sabrinastrnisa,sabrinastrnisa,
martin98766959,martin98766959,
bond00775328617,bond00775328617,
prav1111,prav1111,
allbriefs,allbriefs,
muhabc1,muhabc1,
metaprepadnik,metaprepadnik,
marko29539346,marko29539346,
gabersegs,gabersegs,
matino667,matino667,
petrol,petrol,
telekomslo,telekomslo,
odbita,odbita,
praprotnix,praprotnix,
stanka_d,stanka_d,
mgruden,mgruden,
tvitkoretvitko,tvitkoretvitko,
juventinoslo,juventinoslo,
u3krasne,u3krasne,
glaszaotroke,glaszaotroke,
zaresgregor,zaresgregor,
borisbojler,borisbojler,
statslovenija,statslovenija,
efljubljana,efljubljana,
kc_ul,kc_ul,
jakaracman007,jakaracman007,
alocniskar,alocniskar,
skupajnaprej,skupajnaprej,
24ur,24ur,
bracicregouc,bracicregouc,
danijelloredan,danijelloredan,
matevznovak,matevznovak,
stankastanka,stankastanka,
jozesmrekar,jozesmrekar,
ferch_pech,ferch_pech,
alekshribovsek,alekshribovsek,
nualannasimmed,nualannasimmed,
cycling24_7,cycling24_7,
prijavim_se,prijavim_se,
uci_gfws,uci_gfws,
cyclingweekly,cyclingweekly,
uci_cycling,uci_cycling,
cyclingfans,cyclingfans,
myfranja,myfranja,
_europeanvalues,_europeanvalues,
tanjaporcnik,tanjaporcnik,
helencam,helencam,
motobrane,motobrane,
lapsaso,lapsaso,
karantanec,karantanec,
simonrozic,simonrozic,
petra_jansa,petra_jansa,
lucijausaj,lucijausaj,
tonekrkovic,tonekrkovic,
boriscipot1,boriscipot1,
frenkmate,frenkmate,
trotz_dessen,trotz_dessen,
bojanskec,bojanskec,
atbeatris,atbeatris,
cesenj,cesenj,
rokjarc,rokjarc,
antonstihec,antonstihec,
bogdansajovic,bogdansajovic,
potepuski,potepuski,
zigav2000,zigav2000,
janagrilc9,janagrilc9,
alex_zamuda,alex_zamuda,
ssnptuj,ssnptuj,
caretak79458195,caretak79458195,
bdarja,bdarja,
msrebre,msrebre,
anjabahzibert,anjabahzibert,
petrasovdat,petrasovdat,
profaljosa,profaljosa,
che27che,che27che,
spslovenije,spslovenije,
blogslovenija,blogslovenija,
vesnam16,vesnam16,
mstrovs,mstrovs,
muchka72,muchka72,
dete_epruvete,dete_epruvete,
tevilevi,tevilevi,
gen_id_slo,gen_id_slo,
matejkmatej42,matejkmatej42,
tradicijaslo,tradicijaslo,
pavlinarosar,pavlinarosar,
roma9na,roma9na,
robertsifrer,robertsifrer,
dlawdovsky,dlawdovsky,
terrerosse21,terrerosse21,
cirocara,cirocara,
matejtonin,matejtonin,
novaslovenija,novaslovenija,
_wupe,_wupe,
tanasicmilos,tanasicmilos,
ivankakoprivc,ivankakoprivc,
alenkajerajsds,alenkajerajsds,
mprevejsek,mprevejsek,
andrejlac,andrejlac,
spagetyuse,spagetyuse,
jaka__dolinar,jaka__dolinar,
sfa_slovenija,sfa_slovenija,
fourthstate,fourthstate,
generalfusion,generalfusion,
to,to,
apurschwitz,apurschwitz,
m_claessens,m_claessens,
fusenleague,fusenleague,
simic_group,simic_group,
iterorg,iterorg,
vojinovic_,vojinovic_,
dumijana,dumijana,
cincamarinca00,cincamarinca00,
mervicvanda,mervicvanda,
magdamekina,magdamekina,
si_supervizor,si_supervizor,
lukamesec,lukamesec,
john_the_tailor,john_the_tailor,
maskyca,maskyca,
vtegov,vtegov,
alojztetickovi3,alojztetickovi3,
daunamericans,daunamericans,
nato,nato,
toptvslovenija,toptvslovenija,
janezklop,janezklop,
tommy_sgb,tommy_sgb,
delonmiha,delonmiha,
angelmaya7th,angelmaya7th,
tonefels,tonefels,
ep_justice,ep_justice,
senkandreja,senkandreja,
povse9,povse9,
jaz24_00_7,jaz24_00_7,
zeljkokisa,zeljkokisa,
sdmig,sdmig,
lobnikar,lobnikar,
bernardagrobler,bernardagrobler,
janezmeznarec,janezmeznarec,
nemarambutlov,nemarambutlov,
lajnareu,lajnareu,
janezpogorelec,janezpogorelec,
jernejvrtovec,jernejvrtovec,
prolittera,prolittera,
jozejerovsek,jozejerovsek,
alzheimerultra,alzheimerultra,
dragozad,dragozad,
zosds_ig,zosds_ig,
magictrics,magictrics,
bozopredalic,bozopredalic,
smarjanca,smarjanca,
wildduckmb,wildduckmb,
ikoprivnik,ikoprivnik,
sova_0007,sova_0007,
mladivso,mladivso,
vfokusu,vfokusu,
sebastjanapat,sebastjanapat,
sportniforumsds,sportniforumsds,
milakuki27,milakuki27,
slogroyper,slogroyper,
r10vojko,r10vojko,
jansaretweets,jansaretweets,
sonjaramsak,sonjaramsak,
aleszuzek,aleszuzek,
karolin32896391,karolin32896391,
bozidarbiscan,bozidarbiscan,
antontomazic,antontomazic,
marijamerii,marijamerii,
markoferluga,markoferluga,
sta_novice,sta_novice,
kogojslavko,kogojslavko,
grsgmi,grsgmi,
hbeladona,hbeladona,
blagovestgb,blagovestgb,
r,r,
domovina_je,domovina_je,
casnik,casnik,
normamkorosec,normamkorosec,
salihovicalen,salihovicalen,
rajkogeric,rajkogeric,
matejzz,matejzz,
radio1slo,radio1slo,
anazagozen,anazagozen,
aleksandragregl,aleksandragregl,
anzelog,anzelog,
lbna69,lbna69,
alenkamajsep,alenkamajsep,
viktor_viktorh,viktor_viktorh,
jcerkovnik,jcerkovnik,
radioprvi,radioprvi,
stezinardrago,stezinardrago,
spelarotar,spelarotar,
klavdyop,klavdyop,
martintincek,martintincek,
prgadp,prgadp,
slovenistan,slovenistan,
predsednik2017,predsednik2017,
margu501,margu501,
larisaco1,larisaco1,
matjanemec,matjanemec,
mitjast,mitjast,
ver_lavrencic,ver_lavrencic,
institutipes,institutipes,
epameten,epameten,
kokochannel12,kokochannel12,
zmajlj,zmajlj,
risinja,risinja,
scdtwister,scdtwister,
jozejos,jozejos,
barjanski,barjanski,
korsikab,korsikab,
metod_berlec,metod_berlec,
leon48303573,leon48303573,
miabezjak,miabezjak,
piratskastranka,piratskastranka,
dolin1dolinar,dolin1dolinar,
david_ferletic,david_ferletic,
katarinaurankar,katarinaurankar,
ajitamxy,ajitamxy,
bite84303401,bite84303401,
bernardbrscic,bernardbrscic,
tomazkavcic,tomazkavcic,
prisank9,prisank9,
rauterzani,rauterzani,
aleksan61182821,aleksan61182821,
krrokarr,krrokarr,
darkoermenc,darkoermenc,
dr_eclectic,dr_eclectic,
free_rtv,free_rtv,
strubeljg,strubeljg,
majekprezi,majekprezi,
perko_david,perko_david,
nocnatica,nocnatica,
rok_novak,rok_novak,
blaz_88,blaz_88,
sitarmilan,sitarmilan,
stajerskitednik,stajerskitednik,
demegolfemente,demegolfemente,
4golfonline,4golfonline,
btsslovenia,btsslovenia,
saskamrak,saskamrak,
kilgoresh5,kilgoresh5,
effo12,effo12,
mtvladimirov,mtvladimirov,
mladenprajdic,mladenprajdic,
nejkom,nejkom,
baldrick_57,baldrick_57,
arthajoon,arthajoon,
iovehuns,iovehuns,
svetonilovic,svetonilovic,
dobramrha,dobramrha,
pocivalsekz,pocivalsekz,
franc10324360,franc10324360,
se_eden,se_eden,
3k3g3b3,3k3g3b3,
matjazgerm,matjazgerm,
steinbuch,steinbuch,
czcbz,czcbz,
spelanovak,spelanovak,
milanzager,milanzager,
zigacepe,zigacepe,
katarinajenko,katarinajenko,
jazbarmatjaz,jazbarmatjaz,
janezgecc,janezgecc,
silosthe,silosthe,
katarinadbr,katarinadbr,
zarelepotec,zarelepotec,
el_messija,el_messija,
borisvoncina,borisvoncina,
pstendler,pstendler,
andrejkokot,andrejkokot,
leaathenatabako,leaathenatabako,
srpskalegija,srpskalegija,
libertarec,libertarec,
goranbracic,goranbracic,
matjavede,matjavede,
dusankocevar1,dusankocevar1,
goran_trajkovic,goran_trajkovic,
monster189,monster189,
slovenija_2012,slovenija_2012,
janjicgor,janjicgor,
nedamise1950,nedamise1950,
njenasi,njenasi,
peterstrovs,peterstrovs,
balkanhandball,balkanhandball,
turizemptuj,turizemptuj,
sioltrendi,sioltrendi,
slovenia_shop,slovenia_shop,
gskube,gskube,
goodoldrebel3,goodoldrebel3,
dobradrzava,dobradrzava,
paganini_1782,paganini_1782,
24ur_come,24ur_come,
barbaraerzen,barbaraerzen,
epfmb,epfmb,
obramba2015,obramba2015,
kizidor,kizidor,
majaprija,majaprija,
infodsd,infodsd,
kosirliza,kosirliza,
jinaver,jinaver,
dejanmesaricgsn,dejanmesaricgsn,
ingvarcoracinus,ingvarcoracinus,
oranjeswaeltjie,oranjeswaeltjie,
tomoanzel,tomoanzel,
napoleonboutiq,napoleonboutiq,
fskamnik,fskamnik,
dejanpersuh,dejanpersuh,
govorise,govorise,
duledoz,duledoz,
dejlight,dejlight,
svarun_k,svarun_k,
nova24tw,nova24tw,
acmant,acmant,
laurentafricano,laurentafricano,
pikapok38002423,pikapok38002423,
ytongsi,ytongsi,
kragelnadja,kragelnadja,
jforsek,jforsek,
prerok,prerok,
francivaljavec,francivaljavec,
sitfitsi,sitfitsi,
institut_inepa,institut_inepa,
eduleader_si,eduleader_si,
yugounderground,yugounderground,
veneerhouse_p,veneerhouse_p,
dnevnenovice,dnevnenovice,
citydealba,citydealba,
faktormk,faktormk,
1konkretno,1konkretno,
ragnarbelial,ragnarbelial,
tjasazavrh,tjasazavrh,
zasrce,zasrce,
ribnica24,ribnica24,
kokoldejan,kokoldejan,
flexshop_com,flexshop_com,
mark0stor,mark0stor,
donbosko_slo,donbosko_slo,
2012andrejb,2012andrejb,
martarazborsek,martarazborsek,
maraglusic,maraglusic,
sindicic,sindicic,
matjaz_medved,matjaz_medved,
danejkranjc,danejkranjc,
oroomleb,oroomleb,
mionicky,mionicky,
aleskovacec,aleskovacec,
vajkardis,vajkardis,
karmelinahu,karmelinahu,
irinkapan,irinkapan,
antonpeinkiher,antonpeinkiher,
gazela_com,gazela_com,
novicejutro,novicejutro,
zzajc,zzajc,
sprostise,sprostise,
vsikuponi,vsikuponi,
ssof_oblikovna,ssof_oblikovna,
energetikanet,energetikanet,
nduic,nduic,
pongislo,pongislo,
24_vesti,24_vesti,
sobraniemk,sobraniemk,
rimutisk,rimutisk,
pawlitschek,pawlitschek,
mkmrezainfo,mkmrezainfo,
sobotainfo,sobotainfo,
juretepina,juretepina,
tami777,tami777,
planettv,planettv,
kihotec,kihotec,
forzicija29,forzicija29,
mascussi,mascussi,
zdravoslovenija,zdravoslovenija,
novicamihajlo,novicamihajlo,
hzlatko,hzlatko,
yanchmb,yanchmb,
tomazinrobert,tomazinrobert,
trackostil,trackostil,
ugm_maribor,ugm_maribor,
jure_bajic,jure_bajic,
arsenalslovenia,arsenalslovenia,
sloincro,sloincro,
telenovelesi,telenovelesi,
radiokoper,radiokoper,
teamolaii,teamolaii,
znovice,znovice,
slovenskenovice,slovenskenovice,
nera_dj,nera_dj,
zurnal_24,zurnal_24,
corcas_autonomy,corcas_autonomy,
kia_slovenija,kia_slovenija,
tomirozman,tomirozman,
tomijurman,tomijurman,
huaweimobilesi,huaweimobilesi,
memrea1,memrea1,
ladislavtroha,ladislavtroha,
europlakatslo,europlakatslo,
ivankrzisnik,ivankrzisnik,
sloado,sloado,
timessi,timessi,
davorvrban,davorvrban,
errrudit,errrudit,
didier_maradona,didier_maradona,
